aaronita	Aarón
aaronitas	Aarón
aarónico	Aarón
aaronico	Aarón
aarónicos	Aarón
aaronicos	Aarón
aarónica	Aarón
aaronica	Aarón
aarónicas	Aarón
aaronicas	Aarón
abancayno	Abancay
abancaynos	Abancay
abancayna	Abancay
abancaynas	Abancay
abancaíno	Abancay
abancaínos	Abancay
abancaína	Abancay
abancaínas	Abancay
abanquino	Abancay
abanquinos	Abancay
abanquina	Abancay
abanquinas	Abancay
abisinio	Abisinia
abisinios	Abisinia
abisinia	Abisinia
abisinias	Abisinia
abjasio	Abjasia
abjasios	Abjasia
abjasia	Abjasia
abjasias	Abjasia
acapulqueño	Acapulco
acapulqueños	Acapulco
acapulqueña	Acapulco
acapulqueñas	Acapulco
aconcagüino	Aconcagua
aconcagüinos	Aconcagua
aconcagüina	Aconcagua
aconcagüinas	Aconcagua
agudeño	Agudo
agudeños	Agudo
agudeña	Agudo
agudeñas	Agudo
alaraco	Alaraco
alaracos	Alaraco
alaraca	Alaraco
alaracas	Alaraco
albacetense	Albacete
albacetenses	Albacete
albaceteño	Albacete
albaceteños	Albacete
albaceteña	Albacete
albaceteñas	Albacete
alcorconero	Alcorcón
alcorconeros	Alcorcón
alcorconera	Alcorcón
alcorconeras	Alcorcón
algecireño	Algeciras
algecireños	Algeciras
algecireña	Algeciras
algecireñas	Algeciras
alsaciano	Alsacia
alsacianos	Alsacia
alsaciana	Alsacia
alsacianas	Alsacia
alsinense	Adolfo
alsinenses	Adolfo
amazonense	Amazonas
amazonenses	Amazonas
andalucense	Andaluz
andalucenses	Andaluz
angoleño	Angola
angoleños	Angola
angoleña	Angola
angoleñas	Angola
antioqueño	Antioquia
antioqueños	Antioquia
antioqueña	Antioquia
antioqueñas	Antioquia
antioqueño	Antioquia
antioqueños	Antioquia
antioqueña	Antioquia
antioqueñas	Antioquia
antuerpiense	Antuerpia
antuerpienses	Antuerpia
aquincense	Aquincum
aquincenses	Aquincum
aragonés	Aragón
aragoneses	Aragón
aragonesa	Aragón
aragonesas	Aragón
aragüeño	Aragua
aragüeños	Aragua
aragüeña	Aragua
aragüeñas	Aragua
araucano	Arauco
araucanos	Arauco
araucana	Arauco
araucanas	Arauco
arjonero	Arjona
arjoneros	Arjona
arjonera	Arjona
arjoneras	Arjona
arriacense	Arriaca
arriacenses	Arriaca
arubeño	Aruba
arubeños	Aruba
arubeña	Aruba
arubeñas	Aruba
asturiano	Asturias
asturianos	Asturias
asturiana	Asturias
asturianas	Asturias
aurgitano	Aurgi
aurgitanos	Aurgi
aurgitana	Aurgi
aurgitanas	Aurgi
auriense	Auria
aurienses	Auria
austriaco	Austria
austriacos	Austria
austriaca	Austria
austriacas	Austria
austríaco	Austria
austríacos	Austria
austríaca	Austria
austríacas	Austria
azerbaiyano	Azerbaiy
azerbaiyanos	Azerbaiy
azerbaiyana	Azerbaiy
azerbaiyanas	Azerbaiy
azerbayano	Azerbay
azerbayanos	Azerbay
azerbayana	Azerbay
azerbayanas	Azerbay
badajoceño	Badajoz
badajoceños	Badajoz
badajoceña	Badajoz
badajoceñas	Badajoz
bajacaliforniano	Baja
bajacalifornianos	Baja
bajacaliforniana	Baja
bajacalifornianas	Baja
balancanense	Balanc
balancanenses	Balanc
barbastrense	Barbastro
barbastrenses	Barbastro
barbastrino	Barbastro
barbastrinos	Barbastro
barbastrina	Barbastro
barbastrinas	Barbastro
barcelonés	Barcelona
barceloneses	Barcelona
barcelonesa	Barcelona
barcelonesas	Barcelona
barquisimetano	Barquisimet
barquisimetanos	Barquisimet
barquisimetana	Barquisimet
barquisimetanas	Barquisimet
barranquillero	Barranquill
barranquilleros	Barranquill
barranquillera	Barranquill
barranquilleras	Barranquill
bengalí	Bengala
bengalíes (o bengalís)	Bengala
bengalíes (o bengalís)[1]	Bengala
berazateguense	Berazategui
berazateguenses	Berazategui
berlinés	Berl
berlineses	Berl
berlinesa	Berl
berlinesas	Berl
bermudeño	Bermudas
bermudeños	Bermudas
bermudeña	Bermudas
bermudeñas	Bermudas
bogotano	Bogot
bogotanos	Bogot
bogotana	Bogot
bogotanas	Bogot
bohemo	Bohemia
bohemos	Bohemia
bohema	Bohemia
bohemas	Bohemia
bonaerense	Buenos
bonaerenses	Buenos
boricua	Boricua
boricuas	Boricua
boyacense	Boyac
boyacenses	Boyac
brasileño	Brasil
brasileños	Brasil
brasileña	Brasil
brasileñas	Brasil
cachemirí	Cachemira
cachemiríes (o cachemirís)	Cachemira
cachemiríes (o cachemirís)[1]	Cachemira
calahorrano	Calahorra
calahorranos	Calahorra
calahorrana	Calahorra
calahorranas	Calahorra
calahorreño	Calahorra
calahorreños	Calahorra
calahorreña	Calahorra
calahorreñas	Calahorra
caldense	Caldas
caldenses	Caldas
campechano	Campeche
campechanos	Campeche
campechana	Campeche
campechanas	Campeche
cancunense	Canc
cancunenses	Canc
caquetense	Caquet
caquetenses	Caquet
caqueteño	Caquet
caqueteños	Caquet
caqueteña	Caquet
caqueteñas	Caquet
carabobeño	Carabobo
carabobeños	Carabobo
carabobeña	Carabobo
carabobeñas	Carabobo
caracense	Caracca
caracenses	Caracca
cartagenino	Cartagena
cartageninos	Cartagena
cartagenina	Cartagena
cartageninas	Cartagena
casanareño	Casanare
casanareños	Casanare
casanareña	Casanare
casanareñas	Casanare
castellano	Castilla
castellanos	Castilla
castellana	Castilla
castellanas	Castilla
catamarqueño	Catamarca
catamarqueños	Catamarca
catamarqueña	Catamarca
catamarqueñas	Catamarca
caucano	Cauca
caucanos	Cauca
caucana	Cauca
caucanas	Cauca
centroamericano	Centroam
centroamericanos	Centroam
centroamericana	Centroam
centroamericanas	Centroam
cesarense	Cesar
cesarenses	Cesar
chachahuanteco	Chachahuant
chachahuantecos	Chachahuant
chachahuanteca	Chachahuant
chachahuantecas	Chachahuant
chaqueño	Chaco
chaqueños	Chaco
chaqueña	Chaco
chaqueñas	Chaco
checheno	Chechenia
chechenos	Chechenia
chileno	Chile
chilenos	Chile
chilenísimo	Chile
chilena	Chile
chilenas	Chile
chillanejo	Chill
chillanejos	Chill
chillaneja	Chill
chillanejas	Chill
chilote	Chilo
chilotes	Chilo
chilota	Chilo
chilotas	Chilo
choapino	Choapa
choapinos	Choapa
chocoano	Chocó
chocoanos	Chocó
chocoana	Chocó
chocoanas	Chocó
ciudadrealeño	Ciudad
ciudadrealeños	Ciudad
ciudadrealeña	Ciudad
ciudadrealeñas	Ciudad
ciudarrealeño	Ciudad
ciudarrealeños	Ciudad
ciudarrealeña	Ciudad
ciudarrealeñas	Ciudad
cojedeño	Cojedes
cojedeños	Cojedes
cojedeña	Cojedes
cojedeñas	Cojedes
colchagüino	Colchagua
colchagüinos	Colchagua
colchagüina	Colchagua
colchagüinas	Colchagua
colombiano	Colombia
colombianos	Colombia
colombiana	Colombia
colombianas	Colombia
concepcionero	Concepción
concepcioneros	Concepción
concepcionera	Concepción
concepcioneras	Concepción
congoleño	Congo
congoleños	Congo
congoleña	Congo
congoleñas	Congo
congolés	Congo
congoleses	Congo
congolesa	Congo
congolesas	Congo
correntino	Corrientes
correntinos	Corrientes
correntina	Corrientes
correntinas	Corrientes
coscoíno	Cosqu
coscoínos	Cosqu
coscoína	Cosqu
coscoínas	Cosqu
coyhaiquino	Coyhaique
coyhaiquinos	Coyhaique
coyhaiquina	Coyhaique
coyhaiquinas	Coyhaique
culiacanense	Culiac
culiacanenses	Culiac
culichi	Culiac
culichis	Culiac
cundinamarqués	Cundinamarc
cundinamarqueses	Cundinamarc
cundinamarquesa	Cundinamarc
cundinamarquesas	Cundinamarc
daguestanés	Daguest
daguestaneses	Daguest
daguestanesa	Daguest
daguestanesas	Daguest
dublinés	Dubl
dublineses	Dubl
dublinesa	Dubl
dublinesas	Dubl
duraznense	Durazno
duraznenses	Durazno
easonense	Easo
easonenses	Easo
elquino	Elqui
elquinos	Elqui
elquina	Elqui
elquinas	Elqui
escocés	Escocia
escoceses	Escocia
escocesa	Escocia
escocesas	Escocia
espejeño	Espejo
espejeños	Espejo
espejeña	Espejo
espejeñas	Espejo
estadounidense	Estados
estadounidenses	Estados
feroés	Feroe
feroeses	Feroe
feroesa	Feroe
feroesas	Feroe
ferrolano	Ferrol
ferrolanos	Ferrol
ferrolana	Ferrol
ferrolanas	Ferrol
floresino	Flores
floresinos	Flores
floridano	Florida
floridanos	Florida
floridana	Florida
floridanas	Florida
floridense	Florida
floridenses	Florida
francano	Franca
francanos	Franca
francana	Franca
francanas	Franca
fraybentino	Fray
fraybentinos	Fray
fraybentina	Fray
fraybentinas	Fray
fuenlabreño	Fuenlabrada
fuenlabreños	Fuenlabrada
fuenlabreña	Fuenlabrada
fuenlabreñas	Fuenlabrada
garliteño	Garlitos
garliteños	Garlitos
garliteña	Garlitos
garliteñas	Garlitos
gibraltareño	Gibraltar
gibraltareños	Gibraltar
gibraltareña	Gibraltar
gibraltareñas	Gibraltar
ginebrino	Ginebra
ginebrinos	Ginebra
ginebrina	Ginebra
ginebrinas	Ginebra
ginebrés	Ginebra
ginebreses	Ginebra
ginebresa	Ginebra
ginebresas	Ginebra
guainiano	Guain
guainianos	Guain
guainiana	Guain
guainianas	Guain
guameño	Guam
guameños	Guam
guameña	Guam
guameñas	Guam
guaminense	Guamin
guaminenses	Guamin
guanaeño	Guanay
guanaeños	Guanay
guanaeña	Guanay
guanaeñas	Guanay
guanajuatense	Guanajuato
guanajuatenses	Guanajuato
guaviarense	Guaviare
guaviarenses	Guaviare
guayanés	Guayana
guayaneses	Guayana
guayanesa	Guayana
guayanesas	Guayana
guayaquileño	Guayaquil
guayaquileños	Guayaquil
guayaquileña	Guayaquil
guayaquileñas	Guayaquil
hanoveriano	Hanover
hanoverianos	Hanover
hanoveriana	Hanover
hanoverianas	Hanover
hierosolimitano	Jerusal
hierosolimitanos	Jerusal
hierosolimitana	Jerusal
hierosolimitanas	Jerusal
hispano	Hispania
hispanos	Hispania
hispana	Hispania
hispanas	Hispania
holandés	Holanda
holandeses	Holanda
holandesa	Holanda
holandesas	Holanda
hongkonés	Hong
hongkoneses	Hong
hongkonesa	Hong
hongkonesas	Hong
huilense	Huila
huilenses	Huila
ibiecano	Ibieca
ibiecanos	Ibieca
ibiecana	Ibieca
ibiecanas	Ibieca
igualadino	Igualada
igualadinos	Igualada
igualadina	Igualada
igualadinas	Igualada
indio	India
indios	India
india	India
indias	India
irlandés	Irlanda
irlandeses	Irlanda
irlandesa	Irlanda
irlandesas	Irlanda
islandés	Islandia
islandeses	Islandia
islandesa	Islandia
islandesas	Islandia
israelí	Israel
israelíes (o israelís)	Israel
israelíes (o israelís)[1]	Israel
italiano	Italia
italianos	Italia
italiana	Italia
italianas	Italia
jalisciense	Jalisco
jaliscienses	Jalisco
japonés	Japón
japoneses	Japón
japonesa	Japón
japonesas	Japón
javo	Java
javos	Java
java	Java
javas	Java
jijonense	Jijona
jijonenses	Jijona
jujeño	Jujuy
jujeños	Jujuy
jujeña	Jujuy
jujeñas	Jujuy
keniano	Kenia
kenianos	Kenia
keniana	Kenia
kenianas	Kenia
kiribatiano	Kiribati
kiribatianos	Kiribati
kiribatiana	Kiribati
kiribatianas	Kiribati
lantadillense	Lantadilla
lantadillenses	Lantadilla
lebulense	Lebu
lebulenses	Lebu
leonés	León
leoneses	León
leonesa	León
leonesas	León
leticiano	Leticia
leticianos	Leticia
leticiana	Leticia
leticianas	Leticia
levantino	Levante
levantinos	Levante
levantina	Levante
levantinas	Levante
limburgués	Limburgo
limburgueses	Limburgo
limburguesa	Limburgo
limburguesas	Limburgo
linarense	Linares
linarenses	Linares
linqueño	Lincoln
linqueños	Lincoln
linqueña	Lincoln
linqueñas	Lincoln
lisboeta	Lisboa
lisboetas	Lisboa
lusaciano	Lusacia
lusacianos	Lusacia
lusaciana	Lusacia
lusacianas	Lusacia
macedonio	Macedonia
macedonios	Macedonia
macedonia	Macedonia
macedonias	Macedonia
magdalenense	Magdalena
magdalenenses	Magdalena
mahonés	Mahón
mahoneses	Mahón
mahonesa	Mahón
mahonesas	Mahón
maipino	Maipo
maipinos	Maipo
maipina	Maipo
maipinas	Maipo
maipucino	Maip
maipucinos	Maip
maipucina	Maip
maipucinas	Maip
majorero	Majorata
majoreros	Majorata
majorera	Majorata
majoreras	Majorata
malawiano	Malawi
malawianos	Malawi
malawiana	Malawi
malawianas	Malawi
maltés	Malta
malteses	Malta
maltesa	Malta
maltesas	Malta
mapochino	Mapocho
mapochinos	Mapocho
mapochina	Mapocho
mapochinas	Mapocho
marsellés	Marsella
marselleses	Marsella
marsellesa	Marsella
marsellesas	Marsella
medellinense	Medell
medellinenses	Medell
megariano	Megara
megarianos	Megara
megariana	Megara
megarianas	Megara
melense	Melo
melenses	Melo
metense	Meta
metenses	Meta
michoacano	Michoac
michoacanos	Michoac
michoacana	Michoac
michoacanas	Michoac
mierense	Mieres
mierenses	Mieres
mocoano	Mocoa
mocoanos	Mocoa
mocoana	Mocoa
mocoanas	Mocoa
modenés	Módena
modeneses	Módena
modenesa	Módena
modenesas	Módena
monteriano	Monter
monterianos	Monter
monteriana	Monter
monterianas	Monter
montevideano	Montevideo
montevideanos	Montevideo
montevideana	Montevideo
montevideanas	Montevideo
moreliano	Morelia
morelianos	Morelia
moreliana	Morelia
morelianas	Morelia
myanma	Myanmar
nacianceno	Nacianzo
naciancenos	Nacianzo
naciancena	Nacianzo
naciancenas	Nacianzo
napolitano	Napoli
napolitanos	Napoli
napolitana	Napoli
napolitanas	Napoli
nariñense	Nari
nariñenses	Nari
nazareno	Nazaret
nazarenos	Nazaret
nazarena	Nazaret
nazarenas	Nazaret
neivano	Neiva
neivanos	Neiva
neivana	Neiva
neivanas	Neiva
neomexicano	Nuevo
neomexicanos	Nuevo
neomexicana	Nuevo
neomexicanas	Nuevo
neptuniano	Neptuno
neptunianos	Neptuno
neptuniana	Neptuno
neptunianas	Neptuno
neuquino	Neuqu
neuquinos	Neuqu
neuquina	Neuqu
neuquinas	Neuqu
nizarí	Nizar
nizaríes (o nizarís)	Nizar
nizaríes (o nizarís)[1]	Nizar
norsantandereano	Norte
norsantandereanos	Norte
norsantandereana	Norte
norsantandereanas	Norte
norteamericano	Norteam
norteamericanos	Norteam
norteamericana	Norteam
norteamericanas	Norteam
nortesantandereano	Norte
nortesantandereanos	Norte
nortesantandereana	Norte
nortesantandereanas	Norte
ohanense	Ohanes
ohanenses	Ohanes
olisipiense	Olissipo
olisipienses	Olissipo
onubense	Onubensis
onubenses	Onubensis
orensano	Orense
orensanos	Orense
orensana	Orense
orensanas	Orense
oscense	Osca
oscenses	Osca
paduano	Padua
paduanos	Padua
paduana	Padua
paduanas	Padua
palauano	Palau
palauanos	Palau
palauana	Palau
palauanas	Palau
palmesano	Palma
palmesanos	Palma
palmesana	Palma
palmesanas	Palma
palmirano	Palmira
palmiranos	Palmira
palmirana	Palmira
palmiranas	Palmira
palmireño	Palmira
palmireños	Palmira
palmireña	Palmira
palmireñas	Palmira
pamplonica	Pamplona
pamplonicas	Pamplona
pamplonés	Pamplona
pamploneses	Pamplona
pamplonesa	Pamplona
pamplonesas	Pamplona
pastense	Pasto
pastenses	Pasto
payanés	Popay
payaneses	Popay
payanesa	Popay
payanesas	Popay
penquista	Penco
penquistas	Penco
pequinense	Pequ
pequinenses	Pequ
pequinés	Pequ
pequineses	Pequ
pequinesa	Pequ
pequinesas	Pequ
pernambucano	Pernambuco
pernambucanos	Pernambuco
pernambucana	Pernambuco
pernambucanas	Pernambuco
piamontés	Piamonte
piamonteses	Piamonte
piamontesa	Piamonte
piamontesas	Piamonte
ponferradino	Ponferrada
ponferradinos	Ponferrada
ponferradina	Ponferrada
ponferradinas	Ponferrada
pontevedrés	Pontevedra
pontevedreses	Pontevedra
pontevedresa	Pontevedra
pontevedresas	Pontevedra
popayanejo	Popay
popayanejos	Popay
popayaneja	Popay
popayanejas	Popay
porcunero	Porcuna
porcuneros	Porcuna
porcunera	Porcuna
porcuneras	Porcuna
pucelano	Pucela
pucelanos	Pucela
pucelana	Pucela
pucelanas	Pucela
putumayense	Putumayo
putumayenses	Putumayo
qatarí	Qatar
qataríes (o qatarís)	Qatar
qataríes (o qatarís)[1]	Qatar
quebequés	Quebec
quebequeses	Quebec
quebequesa	Quebec
quebequesas	Quebec
quibdoano	Quibdó
quibdoanos	Quibdó
quibdoana	Quibdó
quibdoanas	Quibdó
quibdoseño	Quibdó
quibdoseños	Quibdó
quibdoseña	Quibdó
quibdoseñas	Quibdó
quilpueíno	Quilpu
quilpueínos	Quilpu
quilpueína	Quilpu
quilpueínas	Quilpu
quindiano	Quind
quindianos	Quind
quindiana	Quind
quindianas	Quind
quisqueyano	Quisqueya
quisqueyanos	Quisqueya
quisqueyana	Quisqueya
quisqueyanas	Quisqueya
quiteño	Quito
quiteños	Quito
quiteña	Quito
quiteñas	Quito
risaraldense	Risaralda
risaraldenses	Risaralda
risaraldeño	Risaralda
risaraldeños	Risaralda
risaraldeña	Risaralda
risaraldeñas	Risaralda
risaraldita	Risaralda
risaralditas	Risaralda
riverense	Rivera
riverenses	Rivera
rondeño	Ronda
rondeños	Ronda
rondeña	Ronda
rondeñas	Ronda
sahariano	Sahara
saharianos	Sahara
sahariana	Sahara
saharianas	Sahara
sahárico	Sahara
saháricos	Sahara
sahárica	Sahara
saháricas	Sahara
salamanquino	Salamanca
salamanquinos	Salamanca
salamanquina	Salamanca
salamanquinas	Salamanca
salamanqués	Salamanca
salamanqueses	Salamanca
salamanquesa	Salamanca
salamanquesas	Salamanca
sanducero	Paysand
sanduceros	Paysand
sanducera	Paysand
sanduceras	Paysand
sanluqueño	Sanl
sanluqueños	Sanl
sanluqueña	Sanl
sanluqueñas	Sanl
satafereño	Santaf
satafereños	Santaf
satafereña	Santaf
satafereñas	Santaf
santandereano	Santander
santandereanos	Santander
santandereana	Santander
santandereanas	Santander
sincelejano	Sincelejo
sincelejanos	Sincelejo
sincelejana	Sincelejo
sincelejanas	Sincelejo
suabo	Suabia
suabos	Suabia
suaba	Suabia
suabas	Suabia
sucreño	Sucre
sucreños	Sucre
sucreña	Sucre
sucreñas	Sucre
sucreño	Sucre
sucreños	Sucre
sucreña	Sucre
sucreñas	Sucre
sudamericano	Sudam
sudamericanos	Sudam
sudamericana	Sudam
sudamericanas	Sudam
sumerio	Sumeria
sumerios	Sumeria
sumeria	Sumeria
sumerias	Sumeria
suramericano	Suram
suramericanos	Suram
suramericana	Suram
suramericanas	Suram
tacuaremboense	Tacuarembó
tacuaremboenses	Tacuarembó
tailandés	Tailandia
tailandeses	Tailandia
tailandesa	Tailandia
tailandesas	Tailandia
tamaulipeco	Tamaulipas
tamaulipecos	Tamaulipas
tamaulipeca	Tamaulipas
tamaulipecas	Tamaulipas
tandilense	Tandil
tandilenses	Tandil
tarabuqueño	Tarabuco
tarabuqueños	Tarabuco
tarabuqueña	Tarabuco
tarabuqueñas	Tarabuco
tarateño	Tarata
tarateños	Tarata
tarateña	Tarata
tarateñas	Tarata
timorense	Timor
timorenses	Timor
tinerfeño	Tenerife
tinerfeños	Tenerife
tinerfeña	Tenerife
tinerfeñas	Tenerife
tingitano	Tingis
tingitanos	Tingis
tingitana	Tingis
tingitanas	Tingis
tlaxcalteca	Tlaxcala
tlaxcaltecas	Tlaxcala
tolimense	Tolima
tolimenses	Tolima
trianero	Triana
trianeros	Triana
trianera	Triana
trianeras	Triana
troyano	Troya
troyanos	Troya
troyana	Troya
troyanas	Troya
trujuyano	Trujui
trujuyanos	Trujui
trujuyana	Trujui
trujuyanas	Trujui
tunjano	Tunja
tunjanos	Tunja
tunjana	Tunja
tunjanas	Tunja
turkmenio	Turkmenist
turkmenios	Turkmenist
turkmenia	Turkmenist
turkmenias	Turkmenist
turqués	Turqu
turqueses	Turqu
turquesa	Turqu
turquesas	Turqu
ugarítico	Ugarit
ugaríticos	Ugarit
ugarítica	Ugarit
ugaríticas	Ugarit
uránico	Urano
uránicos	Urano
uránica	Urano
uránicas	Urano
valduparense	Valledupar
valduparenses	Valledupar
vallecaucano	Valle
vallecaucanos	Valle
vallecaucana	Valle
vallecaucanas	Valle
vallisoletano	Vallisoletu
vallisoletanos	Vallisoletu
vallisoletana	Vallisoletu
vallisoletanas	Vallisoletu
vaupense	Vaup
vaupenses	Vaup
venezolano	Venezuela
venezolanos	Venezuela
venezolana	Venezuela
venezolanas	Venezuela
venusino	Venus
venusinos	Venus
venusina	Venus
venusinas	Venus
veracruzano	Veracruz
veracruzanos	Veracruz
veracruzana	Veracruz
veracruzanas	Veracruz
vichadense	Vichada
vichadenses	Vichada
vicuñense	Vicu
vicuñenses	Vicu
vienés	Viena
vieneses	Viena
vienesa	Viena
vienesas	Viena
vietnamita	Vietnam
vietnamitas	Vietnam
vigués	Vigo
vigueses	Vigo
viguesa	Vigo
viguesas	Vigo
yaracuyano	Yaracuy
yaracuyanos	Yaracuy
yaracuyana	Yaracuy
yaracuyanas	Yaracuy
zaragocí	Zaragoza
zaragocíe	Zaragoza
zaragocís	Zaragoza
zaragozano	Zaragoza
zaragozanos	Zaragoza
zaragozana	Zaragoza
zaragozanas	Zaragoza
